customer_age,annual_income,purchase_amount,product_category,size,region,is_returned
56,28988.36849940185,15.625615809915669,Sports,L,North,0
69,58663.19940730817,63.001361935376366,Books,XL,West,0
46,40432.9574924272,334.2341276013556,Sports,M,West,0
32,70045.08823245058,221.6639510405946,Food,M,South,0
60,65498.973691452724,3.530675689406886,Food,L,West,0
25,45901.80320508967,14.408144092060393,Sports,M,North,0
38,52291.9962399496,11.30009121221482,Food,S,North,0
56,44111.79717166573,103.56430832483096,Books,M,North,1
36,59059.813540902425,136.2055824556677,Clothing,M,South,1
40,74327.13480751857,19.21416066800423,Food,M,South,0
28,45214.10930496684,56.39372910716232,Food,M,East,0
28,67560.69773276767,146.9588056382243,Sports,M,West,0
41,52046.13572441339,105.58108949177411,Books,S,South,0
70,48106.907516064835,62.512331596303596,Clothing,L,North,0
53,58394.544600681635,71.39572036560259,Sports,L,North,0
57,44471.365163709386,56.80077200547248,Sports,L,South,1
41,51695.26041979227,28.25430800012964,Books,S,South,1
20,42031.831611167276,66.59678459745244,Clothing,M,South,0
39,89470.87699374584,93.407490487745,Books,L,East,0
70,60528.95327957593,165.2891260085962,Clothing,L,North,0
19,49504.117380111216,80.91217238998836,Books,M,East,0
41,63209.69866101333,114.54403036684207,Sports,M,East,0
61,58315.07925463755,13.955093639129903,Sports,XL,West,0
47,56685.45600700165,49.52596149331008,Electronics,M,North,1
55,69212.50050065138,0.7500345731564926,Food,M,North,0
19,71362.61565070957,22.661093388629354,Books,L,South,0
38,52042.48278584209,103.70509484890286,Electronics,M,South,0
50,51362.7263903298,384.3868352708911,Food,M,West,0
29,55874.22454272534,8.355816776887421,Books,M,East,0
39,25471.18252896623,41.065540537713545,Clothing,L,South,0
61,37272.13406702172,128.78342551213987,Food,M,South,0
42,80503.11401166787,18.2560689009251,Sports,S,North,0
66,84674.51570251926,64.78975298780925,Electronics,M,North,0
44,56264.45940665432,105.66189460545084,Food,L,South,1
59,68648.35444583649,76.56598697318125,Food,S,North,0
45,64668.75231815304,16.662832050676005,Sports,XL,West,0
33,106183.21212682856,35.12810964183926,Books,M,South,0
32,76793.62367151865,122.521069991519,Clothing,XL,North,0
64,58081.2361277885,64.63554681569411,Sports,XL,West,0
68,45666.89339099362,0.4194668667395981,Clothing,M,North,1
61,35903.30519613641,114.50024534620991,Books,S,North,1
72,63051.954538008344,2.875990184924336,Food,S,North,0
69,48654.73882073545,109.54987690824352,Clothing,M,South,0
74,38666.19435603489,18.099925492149772,Electronics,L,East,0
20,50301.4067363621,253.74693756478285,Electronics,M,North,0
54,43776.779945784074,36.70177130316827,Sports,M,West,0
68,85307.12452608848,31.67266754426851,Books,M,South,0
24,73224.59635424176,12.896928666809513,Sports,XL,South,0
38,59880.41038025074,29.17705490790858,Sports,S,West,0
26,82199.16208335038,167.41884897413112,Sports,S,North,0
56,61160.524614714275,448.6996984567245,Electronics,S,East,1
35,47080.73698007604,36.74846146150241,Electronics,XL,North,0
21,82846.86115904486,47.62512484082956,Sports,L,West,0
42,68083.65065526988,102.43114969959278,Electronics,M,South,0
31,44441.30768510315,173.86205435704113,Books,S,East,0
67,57144.91982874588,71.92408229428933,Sports,M,South,0
26,46865.726199228644,39.74404795647452,Electronics,S,West,0
43,39258.00403553496,42.56691545202698,Clothing,XL,North,1
70,73892.66321297461,95.15778150046755,Sports,L,East,0
19,88641.24960705196,0.25787626817877,Sports,M,South,0
37,39021.48639271288,77.32031351140682,Books,XL,South,0
45,68444.53855035856,35.14156893837996,Food,M,South,0
64,50240.361463172594,126.46699904886367,Food,L,North,0
24,52693.11924352956,7.808200719188482,Books,XL,East,1
61,51114.09113641696,70.97783915022694,Books,M,North,0
25,47040.138454802756,52.463932951488914,Books,L,North,0
64,60727.82441917241,82.25055971797158,Food,M,North,0
52,47535.748253834434,5.364174280854549,Books,M,West,0
31,64056.85238669758,69.39695736705154,Electronics,S,West,1
34,59246.42835826294,65.94882564823044,Sports,M,West,1
53,56415.77929700386,65.79855144805472,Sports,L,East,0
67,46386.545069376036,74.00385061659294,Clothing,XL,North,0
57,51348.43004147501,90.27656462590032,Clothing,L,North,0
21,71330.86838738635,130.77594480927942,Sports,XL,West,0
19,67513.75781436572,25.157214890099944,Electronics,L,North,1
23,45336.67132802174,139.46013510489848,Food,S,North,0
71,61489.98458143839,55.17316930076876,Food,M,South,0
59,71270.80685057683,6.41513499706953,Electronics,S,North,0
21,34958.92078317942,4.826802086004609,Food,L,South,0
71,68150.40288569902,32.54588066882039,Books,XL,North,0
46,50060.643615812296,122.93105515176066,Sports,S,East,0
35,68558.9800288974,98.39275072166274,Sports,L,West,0
43,48551.11265186225,124.32591971788781,Electronics,L,South,0
61,32926.76849003221,58.26366665721505,Food,L,West,0
51,35586.86343175256,46.41391295183226,Clothing,M,South,0
27,60721.27419992073,12.762110738150627,Clothing,M,South,0
53,63895.83752582223,31.82270522658922,Food,S,South,0
31,46435.25062343387,45.53563337753865,Clothing,M,East,0
48,69578.88688166061,7.421909728204938,Electronics,S,North,1
65,35077.1990659656,19.93969775844904,Electronics,L,South,0
32,59008.80302029025,72.94910243670087,Food,S,East,0
25,41834.75700356315,106.44247255277607,Clothing,XL,South,0
31,50222.45838296761,512.4378304507314,Electronics,M,North,0
40,60710.98006974621,216.38044835234524,Electronics,L,South,0
74,47093.799520740715,82.30418478422979,Books,M,East,0
57,54231.66683655262,43.75050479588782,Books,L,North,0
38,75094.39213821662,80.88710366238836,Electronics,XL,East,0
33,51346.62195715277,123.21221077944742,Food,S,North,0
62,72535.38168097712,10.075557158882722,Sports,M,North,0
35,43054.397180135726,42.19772409357831,Sports,L,West,0
64,67947.06266872924,146.50772094704246,Electronics,S,West,0
70,81623.5293098685,38.738973622793054,Electronics,S,West,0
41,22925.332498090662,67.8666956968036,Electronics,M,North,0
43,48046.57116794285,70.89378260253912,Food,S,South,0
42,68656.0819077081,16.313979036028073,Books,L,East,1
62,56954.31920935511,35.98288756391443,Electronics,M,East,0
58,65567.18810056963,32.578688327090795,Electronics,XL,East,0
46,50940.22219926269,2.123676417173569,Clothing,L,West,0
32,61298.8468120935,1.9591353016424253,Food,L,North,0
62,57664.84146911881,142.55916897113116,Electronics,L,West,0
18,77516.73092489711,25.514096514402805,Clothing,XL,South,0
42,63816.31264951819,58.397967497481645,Sports,M,North,0
24,65064.039931128034,28.388479206391445,Electronics,XL,East,1
26,53821.84550816299,225.98368289268183,Electronics,L,West,0
41,52685.906638912595,24.012417456047544,Clothing,L,West,0
18,53511.627182705684,44.92136131348723,Food,L,South,0
61,65916.78213567445,164.91571464924743,Electronics,M,South,0
25,53685.232787696055,147.57918967857026,Sports,M,West,0
41,64346.62285344619,16.473561015244957,Electronics,L,South,0
28,91131.01197968159,129.8194061799035,Sports,S,East,0
68,73066.87055147538,49.026731718596395,Books,L,South,1
34,55109.647017482384,52.7721758043034,Books,M,South,0
25,78018.20883245918,11.461604551832211,Sports,S,West,0
52,53878.86940467673,6.7228513658658695,Food,S,West,1
52,29428.13197233219,104.13840811611513,Electronics,S,North,0
50,44878.70533623894,54.887553167748,Electronics,M,North,0
22,31938.121184612166,45.936840331290504,Books,M,West,1
59,54727.297739380374,104.60108810520303,Sports,XL,South,0
56,60276.27568784328,116.02837591739082,Electronics,L,South,1
58,85146.55968412924,13.844354460831958,Electronics,S,North,0
45,64903.910606462436,75.37488103334776,Food,L,North,0
24,56713.49206786704,11.634815962229979,Clothing,XL,North,1
26,72441.08371775234,111.34479102618796,Books,L,East,0
25,26832.970364881723,85.59152804927551,Books,S,East,0
29,63534.21837162849,251.01062287682595,Clothing,XL,North,0
51,71562.9779083045,5.716072600682582,Electronics,L,South,1
50,37821.20631330238,4.699762145986997,Food,S,North,0
65,77156.31064810394,26.523703487589124,Food,S,East,0
72,65077.44611241621,24.273018508510656,Books,L,South,0
40,53770.681291487985,22.69295170365818,Food,S,East,0
41,69491.72799159428,189.37379793730474,Clothing,L,South,0
54,94060.39286706594,22.96617508508853,Electronics,M,East,0
52,62727.99382587743,25.390814052335582,Clothing,XL,South,0
61,63723.30879450504,113.96898028777288,Sports,L,South,0
57,53109.58650689634,47.789127909204566,Books,S,South,0
39,47252.33445802813,119.94291186067677,Food,S,South,0
44,72455.03724816369,5.408035100954013,Sports,L,West,0
52,47158.74261136699,53.48747936829894,Food,L,East,1
18,61073.49355829089,2.7353219950359864,Electronics,L,East,0
52,52835.13829852325,5.176156120850553,Electronics,M,West,0
54,67184.69738619588,189.5300094516387,Electronics,M,South,0
64,65004.931579304226,11.995663923715602,Food,S,South,0
31,75563.0991638685,60.81490248497679,Sports,L,East,0
20,52349.75401717879,42.35931375348491,Electronics,S,West,0
18,55951.87597059943,34.13632444756293,Sports,M,South,0
22,45318.54426326539,184.07359496070615,Food,L,South,1
43,53335.60109885833,1.7652039484001225,Sports,XL,South,0
72,65659.50739567279,87.20147046661516,Food,M,North,0
31,71354.82924968028,264.60439835746934,Food,M,West,0
56,46167.52013733562,65.70902882246816,Books,L,South,1
44,73044.0888015849,220.94451623352953,Food,L,North,0
26,80334.56788207426,4.293827063665924,Food,M,West,0
32,66201.52354835552,43.41190818378369,Clothing,XL,South,0
32,88151.937188371,24.1054677240551,Electronics,L,East,0
43,48393.1620134464,104.99028504585124,Books,M,North,0
59,41330.179450328746,318.3260943073346,Books,M,North,0
30,33319.19626643582,23.714155806692112,Books,M,South,1
68,82440.66467233775,84.94570078640253,Clothing,L,South,1
49,69815.48484531087,17.661473210742372,Food,S,North,0
56,59166.229936343174,66.65349937183666,Electronics,L,East,1
66,64199.529394797304,49.87961345378575,Sports,L,East,0
69,43117.66429052435,286.0592904726492,Food,M,West,0
49,96686.27969425239,75.02715424301867,Clothing,L,South,0
21,61938.31772962841,34.40190214023285,Food,XL,East,0
47,61640.92191907339,9.691715486049613,Food,S,West,0
54,70886.49935848037,13.118949097714903,Clothing,M,East,0
40,67215.13847605069,20.424102011270584,Books,M,South,0
56,63358.26036418697,23.117742844909586,Books,XL,West,0
62,48142.88316832032,152.09883954104885,Electronics,XL,West,0
32,67072.02535703994,65.90107880934356,Electronics,M,West,0
60,88230.3674471255,59.28469158283548,Books,L,East,0
46,80181.30069232467,9.752520507303831,Sports,M,South,0
53,83897.79939959096,157.36889313240698,Food,M,West,1
30,52331.76485353222,102.64540894990886,Sports,M,North,0
49,45155.92769612129,5.605335417561305,Food,M,South,0
24,58113.19619850528,98.43495204819634,Books,M,North,1
68,60835.87368433042,62.74002404939071,Electronics,L,North,0
39,76412.87277706423,6.820699637573462,Electronics,S,West,0
45,34613.030554277706,49.04352964853619,Sports,XL,West,0
19,82943.2547919092,53.0399054731948,Electronics,S,East,0
59,57629.88152131516,14.500126209745316,Books,M,East,0
62,53596.7839507887,233.0557541919597,Sports,M,East,0
74,44818.434371097486,151.7564646587748,Food,L,South,0
70,35177.14992201346,88.45635122081744,Electronics,S,East,0
23,72347.55875942872,49.63569917351086,Clothing,M,North,0
45,61099.76950782606,42.450373740547526,Electronics,XL,East,0
45,40650.58650388419,84.20858674512468,Food,M,West,0
61,40573.818419045754,63.072597944303396,Sports,M,East,0
61,54963.229510648074,5.143722402170124,Food,L,South,0
37,85035.32287934089,57.47763375472283,Clothing,S,South,0
47,56106.12972954593,131.35838306945058,Books,M,North,0
28,37452.85570322841,49.1823596105784,Electronics,M,South,0
72,56313.85403871084,4.268397880675947,Sports,M,East,0
45,55909.146453784946,123.44640854489896,Books,M,West,0
42,19546.700355876426,17.987978694869923,Food,S,South,0
56,59185.577002232814,23.93944725986962,Sports,M,North,1
50,56535.98204686983,14.397755473392131,Books,S,East,0
18,70443.09547220127,32.06388883773714,Sports,L,North,0
74,87734.34142418018,113.0937398253213,Clothing,M,South,1
44,76898.47544321636,58.615242681923434,Clothing,M,South,0
74,55966.669641677545,18.341106782967074,Electronics,XL,North,0
69,43402.11136887495,168.18739210123903,Electronics,L,East,0
30,98600.3970487479,169.34280408638674,Clothing,S,South,0
58,60888.27651021732,163.5744144081949,Sports,XL,West,0
20,60208.939378694195,21.828333312553664,Clothing,M,South,0
56,59638.12369334995,48.00743171458344,Electronics,S,East,0
23,62971.271411517824,335.92125799439606,Clothing,L,South,0
25,57834.593821140865,118.27714977462229,Clothing,M,North,0
44,51395.069896796456,2.203462290950522,Sports,M,South,0
26,51797.115881394115,5.394207025528841,Books,M,South,0
54,59508.70094676002,49.879447821685034,Electronics,M,East,0
50,51848.62843299352,191.94548397229448,Sports,M,North,0
68,49307.313259842536,61.89684688031364,Clothing,XL,East,1
59,61596.453415378455,55.10253912391136,Clothing,M,South,0
61,56175.34173868717,8.916877961328353,Books,XL,West,0
41,82559.89482874033,85.55071545047699,Electronics,L,South,0
32,20235.45287410482,138.12411605041598,Electronics,L,East,0
71,76372.60277883692,38.29707695737474,Food,L,West,0
49,78691.27788746444,119.55023346706973,Electronics,L,East,0
49,28899.146513877757,267.00521296416787,Books,M,East,0
41,54859.68608879477,18.229019449073046,Food,M,North,0
58,54428.38701006313,59.27440621617086,Food,M,West,0
69,38887.32457923268,27.07738935112431,Clothing,XL,South,0
66,48332.74968613687,125.94667545739793,Clothing,L,East,1
66,43341.36231801257,68.94294727517159,Electronics,M,South,0
69,86284.05665135435,80.53716142666207,Food,S,North,0
29,74035.17589721191,127.9250175560853,Clothing,M,North,0
56,79073.32642491237,40.33057567374243,Books,L,West,0
19,70825.08096064853,197.29313700903725,Clothing,M,North,0
20,43064.22343174156,60.919026996430496,Clothing,L,North,0
66,52132.196005803395,13.75372892714547,Food,XL,South,0
54,67340.61841841877,95.23166275971104,Food,S,North,0
66,41668.08286662082,126.10398767391638,Sports,M,North,0
73,70694.97645258582,30.472923583656826,Books,M,East,0
34,56395.119027627974,155.69319844106897,Food,M,North,0
66,54377.68788675604,189.27885168249333,Electronics,S,East,0
19,70664.39952305237,25.93711676563715,Books,S,North,0
19,66663.94967229059,328.4557697825391,Books,XL,North,0
45,54585.507512713804,12.132047230440442,Food,M,West,0
71,77389.94705046373,18.053305305174064,Books,M,West,1
40,43784.05008600154,16.289320021405736,Food,XL,East,0
54,69239.03410416396,179.53752913473062,Clothing,L,North,0
49,68896.51886952575,84.97299108277628,Sports,S,South,0
50,55356.803410290144,13.199810100024303,Clothing,L,West,0
18,64891.99533363177,46.43169559118975,Food,M,South,0
36,41233.29635422045,76.42290684383694,Food,L,West,0
19,73860.40528810352,6.972322026692588,Clothing,L,West,1
70,57226.46795335517,171.24843522738186,Electronics,L,North,0
61,52159.154692214404,130.20959075628863,Electronics,M,West,0
43,75735.13838755334,56.28922624654689,Electronics,L,South,0
49,49434.84464185861,273.207353844007,Food,S,West,0
23,38873.08055454661,43.269938162351586,Books,S,East,0
49,36650.562397141446,331.3668301160939,Food,M,North,0
72,69090.1492701846,88.19034973077513,Books,S,North,1
21,40793.559712555754,80.55661675948167,Clothing,M,East,0
72,86321.91272976546,14.51742365653078,Sports,L,East,0
28,28771.058881744168,170.91668992704444,Books,XL,East,0
73,85446.84552435057,44.617962508018024,Electronics,M,West,0
34,63165.26200803927,14.161259558614752,Food,M,North,0
55,58549.30332194411,1.01501352983485,Clothing,M,East,0
41,51826.21369786575,65.63403533711005,Electronics,M,West,0
22,65987.04171528107,59.96040917268025,Clothing,S,East,0
69,59435.47946362727,101.65278757976752,Sports,XL,South,1
51,76549.52823024782,176.76988845883426,Food,M,South,1
23,61713.41472993059,6.61894401444396,Food,M,North,0
39,62254.52642192817,105.1913035008474,Sports,S,West,0
28,54545.81681679216,16.602479532421533,Food,XL,South,0
65,59145.81564418399,156.25406820548466,Books,L,South,0
33,64617.026533380886,136.76873716888036,Clothing,XL,West,0
50,34347.474110150615,62.26046674392804,Electronics,L,East,0
26,39777.21866841431,99.096955464965,Sports,M,West,0
23,71148.96141034072,30.19105204891172,Books,M,East,0
33,62562.981571919125,50.96674294315693,Electronics,L,South,0
46,57240.24995470981,137.914712476717,Electronics,M,South,0
20,60276.5089959809,49.1861054739266,Sports,L,South,0
37,65213.72558042507,35.4282236949245,Books,S,North,0
53,51903.60479535958,54.53108432678914,Electronics,S,North,0
36,48325.42911896531,140.93687962139393,Electronics,M,North,0
43,62937.67882646522,32.662491237146696,Books,L,West,1
20,45324.40833577452,15.269753515303648,Food,L,South,0
36,66123.79133571708,99.5874785388227,Electronics,S,South,0
37,34461.245936432395,139.88598186279182,Clothing,M,West,0
49,75437.33455988465,8.485526087847074,Books,S,North,1
24,67088.96223619564,21.941697464650822,Electronics,S,West,0
69,63840.44601470813,12.249482724866812,Sports,M,North,0
58,74740.3647591827,34.20966892448449,Clothing,S,South,1
50,84982.11666693864,47.878027833616976,Electronics,M,East,0
57,75215.55097527195,110.52885555870581,Clothing,M,North,1
56,32386.88653002532,84.24850604284012,Clothing,M,South,1
35,40806.34549896448,77.60244922791448,Food,S,South,1
57,50627.72133456482,34.75546971255768,Clothing,S,East,0
18,60391.36575316251,147.33358760274467,Food,S,South,0
28,67764.88530703685,50.984787523514086,Books,S,South,0
45,49113.84280269802,309.4593933275913,Food,L,North,0
74,62801.50146715617,80.44083016078181,Sports,M,North,0
42,48669.256014700164,10.798228574482021,Electronics,M,East,0
67,50827.23295512078,90.20479556086043,Books,M,East,0
40,38900.08354727666,31.455735753568817,Books,L,South,0
48,46151.50130833643,92.75238912199092,Sports,XL,North,0
47,39724.730915755,5.774792405563546,Food,L,East,0
59,45361.90120534001,15.378255236729721,Electronics,L,East,0
52,75804.62694911759,154.88952408145042,Food,M,West,0
24,45759.01666752085,20.616683464542792,Clothing,L,East,0
33,99485.73097256086,145.14059296902656,Food,L,South,0
43,67399.76851321333,26.199931150299783,Books,M,North,0
65,62772.54185542311,82.3751014200188,Electronics,M,East,0
74,47124.6332972818,94.77298947437109,Food,M,West,0
69,70504.64819113487,57.50259850308396,Electronics,XL,North,0
66,51365.43260643339,29.14324401511857,Electronics,M,East,0
19,61830.147219680424,19.126020813174865,Clothing,L,West,1
18,98401.26807403192,2.7002095368448575,Clothing,M,East,0
65,58559.10150413025,28.986288952096743,Books,M,North,0
29,77239.09989428514,84.7119796873776,Sports,S,North,0
22,49452.35362311169,222.84395567274993,Electronics,S,North,0
54,59475.17264254557,163.96234128771195,Sports,L,South,0
49,86562.00953453264,116.21688197979024,Books,L,East,0
72,50595.494133183485,124.26250747309611,Electronics,M,South,0
26,87186.72836995393,87.48637471373385,Electronics,L,North,0
58,70616.27903183213,24.119425063781613,Sports,M,West,0
52,51562.99836158598,190.18040737560725,Food,XL,East,0
36,69486.11608583282,88.87073739360551,Clothing,M,South,0
65,74588.31674440095,65.75859903091043,Food,M,East,1
33,69327.14943325795,9.411695830741172,Sports,M,West,0
20,36446.629201643154,47.39981787071497,Clothing,S,South,0
37,49092.94236262697,49.34798598423964,Food,S,North,0
41,56287.22046672743,159.94025534855714,Clothing,L,South,0
71,58883.498563499306,63.28695191886115,Electronics,XL,East,0
73,69310.08146326017,38.29456451580628,Food,L,East,0
50,62665.51501399881,301.0893728281871,Clothing,S,East,0
41,39969.834619348476,9.387503970140681,Clothing,M,East,0
69,65702.96776508944,43.9304558921068,Clothing,S,North,0
28,69158.78617925735,3.434660664550513,Food,S,South,0
66,68396.8567189656,107.73639597305166,Books,L,North,1
25,76211.71088331932,200.15760249311023,Food,M,North,0
53,72508.83231823356,26.28447319312155,Sports,S,North,0
55,66887.70118842655,156.34698364102636,Food,S,East,0
57,58947.51432812029,27.649557433463947,Clothing,XL,East,0
37,35085.58599726013,193.32318276911766,Electronics,S,East,1
52,66444.27328698878,112.18151132897356,Food,M,South,0
65,63115.31530744667,130.74222137411508,Food,M,West,0
42,64073.6825579306,1.453651713133157,Clothing,S,East,0
52,40848.77136269536,263.33799779491176,Electronics,S,South,0
42,43784.151893876064,103.76632417317465,Electronics,M,East,0
46,75797.29279999355,29.078828911817837,Sports,L,East,0
35,59406.672692150176,141.4721897283926,Food,M,North,0
63,70222.51046058937,26.44952620858553,Electronics,L,North,1
35,60424.77564195692,164.93054379315333,Electronics,XL,North,0
19,60446.34209243618,9.554987398487537,Books,L,South,0
71,74074.25708963997,97.30684000353493,Books,M,West,0
52,52259.32907673939,62.243869677380424,Electronics,M,West,0
33,61441.811654114754,8.121385722120761,Sports,L,South,0
58,53065.87066942436,22.15454679106411,Electronics,L,East,0
53,53482.55658851527,0.9985286780022417,Clothing,M,South,0
50,55362.41814797041,50.604510132822554,Food,L,East,0
21,63332.00657450569,28.678727586975555,Sports,S,South,1
50,52818.77067504784,72.97542803324576,Clothing,M,South,0
31,78836.34188360281,28.218937595618936,Sports,M,South,0
38,46580.89046670744,28.52475164997393,Clothing,S,West,0
65,57196.92533757961,108.7544978261621,Food,S,North,1
37,53404.034125887374,3.947223459196429,Food,L,South,0
73,81704.668265306,186.5569889752943,Books,M,West,0
25,62948.32164767362,152.9862025291261,Clothing,M,North,0
24,75477.66809202952,88.16257436107296,Books,M,North,1
20,37716.59440444542,71.95893120610721,Clothing,M,South,1
34,64005.75398803888,178.27431123544446,Books,S,East,0
50,73344.46193435155,16.3977900867191,Food,L,East,0
65,61234.259839131366,6.580940825928193,Sports,L,East,0
29,75982.20562598026,21.903403202745512,Books,L,South,0
68,52240.673248494415,126.61521886901872,Clothing,L,East,0
39,81140.2116027837,2.8228434796261204,Clothing,M,West,0
72,94483.47185428876,69.93647513756537,Food,S,West,1
39,54557.42159340512,431.1910487088067,Clothing,M,West,0
63,53317.462178988426,154.86669950686152,Electronics,S,West,0
47,81800.7671567655,58.95884576070542,Sports,XL,North,0
55,83693.58218596068,5.260498572202521,Books,S,West,0
55,52157.09959270098,142.40553234613915,Sports,S,East,0
62,53697.19774356214,73.09922060349643,Food,XL,South,0
68,55773.230867092396,9.767354184225383,Books,XL,East,0
71,39833.24233448584,7.88467704595692,Books,L,West,1
25,46220.22080273703,192.3046184627471,Electronics,S,North,0
44,44937.88849871898,88.49936885504408,Food,S,West,0
44,48483.03652343807,141.42162556179238,Clothing,M,South,0
51,59479.72668919828,168.94322966039533,Electronics,S,East,0
38,63513.22098804781,67.84802696519361,Electronics,S,South,0
47,83257.50739221115,58.2930541049263,Sports,M,South,0
50,45024.68938891814,45.02952336756594,Sports,XL,South,0
45,74764.83597714876,30.494577609070653,Sports,M,East,0
64,56790.16733661736,45.617175190650705,Electronics,L,West,0
50,59258.044355213504,118.93503397333808,Clothing,L,South,0
22,70122.29238249906,73.68887262536882,Books,M,East,0
65,43159.16967656552,178.43848845034688,Sports,L,North,1
36,65736.14619276076,46.86980191375552,Clothing,M,East,0
21,62496.78312319584,74.73389030122311,Food,S,North,0
52,67386.76896012224,79.82339677527412,Sports,L,East,1
66,64337.52965861727,71.65969045276103,Books,S,West,0
34,96829.50209866342,97.02326500423823,Food,XL,South,0
61,50433.900236230256,21.68524157732902,Food,S,West,1
45,52035.04567497274,57.45484775219311,Books,L,East,0
47,50652.89210362853,8.805263478266466,Sports,M,South,1
46,51667.843212596184,38.82709899992477,Electronics,S,North,1
63,50439.19309040223,53.502448693500256,Books,S,East,0
70,77835.24796661327,84.49579447354307,Books,L,South,0
23,81307.56371984782,240.51281049855544,Books,L,North,0
52,51438.805593757854,73.43357794664801,Food,L,North,0
58,47514.66640343657,108.87942610852735,Clothing,M,West,0
54,67071.23334579606,56.46067910845418,Electronics,L,East,0
41,51716.65433578543,80.43249797739213,Sports,L,North,0
46,69493.97726633266,5.8858862796904035,Sports,L,South,0
66,63043.845312769496,23.484377910811126,Clothing,M,North,0
63,37263.83827504152,35.93494085675924,Books,L,North,0
70,83212.57801995092,51.167505325376695,Electronics,L,West,0
48,86938.16509643283,3.7378787201872967,Sports,M,West,0
52,50808.16964273421,12.068072843039776,Sports,L,South,1
50,54184.47660096024,25.927140328267292,Books,L,West,1
69,64287.98086087358,284.7199119385273,Clothing,S,North,0
38,65016.851849805375,32.19920389152896,Electronics,S,North,1
49,69878.16409009245,52.628744210300084,Clothing,M,West,0
40,90153.06808149524,17.46220403565144,Clothing,M,North,0
50,57345.79158758926,75.48885801119327,Electronics,L,North,0
20,48025.541331923196,26.356274232912966,Electronics,S,South,0
35,39310.21157978209,18.553815883940015,Sports,L,West,1
42,49036.04940087121,58.148335145953645,Sports,XL,North,0
59,59503.095406893044,0.44168095498478177,Electronics,S,West,0
48,86918.36795276681,0.6154841816320241,Food,XL,South,0
71,52235.830514457426,19.781458949394448,Sports,XL,West,0
20,63356.819274583475,2.993005267055666,Food,L,North,0
57,59753.65655890872,9.145441533021298,Electronics,L,West,0
63,77825.89910172127,33.10325147240247,Sports,XL,North,0
41,97903.98638810433,129.7960487540517,Clothing,L,North,0
67,52036.96840619519,67.89965940730502,Electronics,M,North,0
49,52658.40836222667,57.50472807904501,Books,L,South,0
64,75662.41315603608,27.793300562931794,Food,L,West,0
39,70228.37234439467,214.77058748689728,Electronics,L,South,0
40,87700.6098860405,40.469042125973466,Electronics,M,West,0
19,68758.92277988946,7.289680809326047,Sports,L,South,0
44,54610.61863819411,76.79151809679632,Sports,S,East,0
59,68859.82246038463,9.668475589653033,Sports,XL,North,0
19,76630.55370874362,33.87686219386125,Books,M,North,1
43,72307.23271796046,56.646562377579684,Sports,S,South,0
34,67609.11046660946,165.8592801839133,Electronics,M,East,0
57,76000.1203438373,54.42583397247624,Sports,S,North,1
50,77539.4338566851,96.92244096740082,Clothing,L,West,0
26,80732.38486556291,394.8812593582488,Sports,XL,South,0
60,69730.64831384463,11.278013273278525,Books,L,North,0
71,57493.22879524718,25.697070643752134,Clothing,S,North,0
65,62200.705296499844,40.146109186918,Electronics,S,South,0
56,78097.63449762535,43.83073484171712,Electronics,L,South,1
46,47745.964935191456,42.349190192502626,Food,XL,West,0
59,65530.099633093516,190.53979061695316,Clothing,M,West,0
72,54099.91781508959,100.15020929355403,Food,M,North,1
43,60431.17234402226,74.9001334105402,Clothing,M,North,1
52,79176.77793910948,29.612399186351908,Clothing,XL,South,0
67,62866.48602029855,138.8864795102169,Books,L,North,0
42,60696.54822234223,248.1950715038525,Food,M,North,0
41,39602.15788530121,137.7182248692053,Books,M,South,0
30,71193.80349040832,0.12530649984333986,Clothing,XL,North,0
24,69682.26271711613,80.9363748053697,Electronics,S,North,1
74,92448.8208495819,4.199131799603565,Clothing,M,East,0
53,55383.32647570499,23.83014585779805,Books,L,West,0
62,63287.254914959085,4.9095914865573045,Food,S,South,0
37,63740.75525566133,74.06597345030336,Food,S,East,0
18,83661.79919645212,92.81942123558083,Books,L,West,0
25,58570.567014195716,9.72710891654504,Food,XL,West,0
63,64185.32288655509,38.73974369194884,Sports,L,West,0
33,69118.44764574809,48.739270861663144,Electronics,XL,East,0
31,62799.13684734537,36.84267584949915,Electronics,L,East,0
29,53303.49578174208,10.319905893129384,Electronics,L,West,0
68,62911.34989347462,43.433173134710465,Food,M,North,0
40,76104.47624789659,111.28141517824591,Food,L,North,0
32,44602.270508834095,5.892383240578889,Clothing,XL,East,0
45,61994.54511220314,6.686183645180783,Clothing,M,East,0
51,49498.1877759124,35.05203509891443,Electronics,M,East,0
19,77925.69943387264,227.40754444222728,Sports,M,West,0
49,37152.19642824338,88.3477311072734,Clothing,S,North,0
40,51616.17229092617,90.82292093597462,Clothing,S,East,0
39,65658.17812596781,35.94332778318445,Food,L,East,1
68,83482.86043851511,72.0453582858757,Sports,XL,South,0
42,59013.746083905186,0.8146283002034469,Electronics,M,West,0
39,51672.00709960202,80.86922479408341,Clothing,S,South,0
39,88217.35604160884,195.612068763185,Sports,S,North,0
66,38279.79149375634,75.85832351142746,Sports,XL,South,1
69,27017.910650698774,165.5267290590035,Electronics,M,South,0
59,66600.21675079998,102.98054343257286,Sports,M,South,0
23,52469.18663471083,10.277450962079763,Sports,M,West,0
32,44681.5077430393,186.19392927854193,Sports,M,North,0
71,70625.3467094903,5.500332943210968,Clothing,M,South,0
60,63657.010706567984,61.07998767142775,Electronics,XL,West,0
54,51538.820538949076,12.264880816601249,Sports,L,North,0
50,40795.43401993658,0.942053809158562,Sports,L,East,0
25,73086.85992420217,43.85925485149901,Clothing,M,South,1
70,69753.01766937991,27.96921753523021,Electronics,L,North,1
61,58512.36204330926,53.242637937852734,Food,L,South,0
61,87699.554940715,68.86846056739259,Clothing,S,East,0
22,43948.72850510771,3.5779573004730048,Electronics,L,North,0
56,37117.12243612892,10.500163510774518,Sports,M,West,0
21,49621.378951781335,65.43198717825973,Electronics,L,North,1
23,59316.209754667536,33.626081295284635,Electronics,M,West,0
62,63650.091739840376,104.50214708491666,Electronics,XL,North,0
49,56381.459132155054,84.51129770013681,Food,S,West,0
69,65280.83094771445,149.45895195978946,Electronics,L,East,0
47,41226.90863714334,94.3405491282158,Food,L,East,1
64,81656.46906109889,44.9598406883205,Sports,L,East,1
52,58767.732324111465,89.4154432884492,Food,M,North,0
72,76759.43747382192,25.768761598410343,Sports,M,East,0
57,65140.88019566556,29.25881183047956,Sports,L,South,1
69,66851.29828730675,124.46614526802537,Food,M,East,1
33,68546.50920348306,47.30785031325402,Clothing,M,West,0
30,66715.62840025972,128.10977842154773,Books,L,West,0
67,69640.84139801316,138.26779473774982,Electronics,M,West,0
59,79937.28795198648,155.90806658063565,Books,M,North,0
47,62947.817545522055,198.76236407945416,Electronics,M,South,1
36,70635.05636382768,45.10790965598474,Electronics,M,East,0
34,58653.964585691596,30.719793931451775,Sports,L,South,1
73,81601.75823174209,69.81995438800666,Electronics,L,South,0
36,49854.115469110955,37.1118546378072,Electronics,L,West,0
45,87014.10649366223,73.51838088602106,Food,XL,West,0
72,59397.63074033485,97.82142978955689,Books,M,West,0
43,38538.37346822928,93.28408565392698,Food,S,North,0
54,61921.56622366184,37.54308033926239,Electronics,S,South,0
43,49784.22513787678,14.60430606438531,Sports,M,South,0
70,72609.65323483085,45.04384108782888,Food,XL,North,0
40,50210.640310464136,12.307511598888041,Food,M,North,0
26,53307.248501778304,176.65259524296533,Clothing,M,North,0
29,31656.889035817036,33.9568460939152,Electronics,M,South,0
70,53215.405211263846,13.422360282015992,Sports,L,South,0
18,23641.81010056565,2.062172351734133,Food,L,West,0
18,36241.45764771415,83.03654064164859,Food,S,West,0
64,71406.21984216446,81.0466706397456,Sports,XL,South,0
51,71787.00237976249,33.314501368859325,Electronics,M,West,0
49,66381.86342677448,5.953050382101962,Clothing,S,North,0
71,45495.3578530618,42.160315848939696,Food,XL,East,0
65,59284.3296578703,29.826378042262665,Clothing,S,West,0
42,59945.96191364148,90.43812185269613,Books,XL,South,0
57,42624.52966211186,74.46753968046684,Electronics,XL,West,0
62,82550.97452650726,36.27925492471134,Books,L,West,0
70,73160.43435863507,19.661051937939863,Books,L,West,0
18,56685.53739255504,354.0680247491624,Books,M,East,0
33,60403.28758491796,48.4111417972235,Electronics,XL,North,0
56,63125.74211921329,93.25051508154598,Electronics,M,South,0
22,29373.97697363564,12.117286567574602,Sports,L,East,0
39,56292.339262191046,53.17872658151365,Clothing,XL,South,0
46,49770.23628003302,2.233836993834025,Clothing,XL,South,0
72,44975.69985157627,56.329389557656164,Sports,L,South,0
20,55783.495606710676,265.9775990809719,Sports,M,East,0
29,86965.29790274284,38.787515583579356,Books,XL,North,0
43,69612.64291900514,3.182137661982651,Sports,L,South,0
33,51432.31515325805,2.515603578066923,Food,XL,North,0
68,68588.74172034238,39.28010901040652,Clothing,L,North,0
54,80990.33154879004,13.950645908090468,Sports,M,West,0
39,73869.50524369153,1.890326166496045,Food,M,East,0
74,60894.45554880261,112.91703233143284,Food,L,East,0
46,50295.94833441639,49.076376356305225,Food,L,West,0
31,70473.34970420385,27.31417382634685,Food,M,West,0
45,65902.28078132625,184.27338154572345,Books,L,North,0
22,73427.89830041598,9.876433879829225,Food,M,South,0
64,69527.57702522955,249.73780385127796,Books,L,East,1
66,75743.29072979002,30.1463308392421,Books,M,South,0
47,51971.47182659148,175.42937084544863,Food,S,South,0
63,79760.91098451489,73.89400965478178,Clothing,S,West,1
69,62963.994070386,140.22188411011072,Food,S,South,0
22,91128.91308937898,330.8791676800226,Food,M,North,0
29,49662.18272865648,27.219757191888934,Food,S,West,0
33,86039.45704747873,259.8138932767724,Clothing,S,South,0
43,62968.66175193972,39.47578637532975,Electronics,XL,West,0
43,50228.72994578327,38.957257856796815,Electronics,XL,North,0
65,52741.71248918518,33.28817101043837,Books,M,North,0
38,55194.7903770852,62.367479751510416,Books,XL,South,0
56,66362.48919602875,13.392590392950927,Clothing,S,West,1
53,67842.5323205325,64.54317138332539,Sports,L,South,1
50,51394.49994092131,62.41934304716102,Electronics,L,South,0
47,59634.68111608526,114.80577106451966,Books,M,West,0
54,92134.05537917795,143.49288381667628,Electronics,M,South,0
40,85913.14755151067,46.44855452360524,Clothing,M,North,1
27,66544.85504511048,28.80109798631573,Clothing,M,West,0
71,60570.05217252301,24.016536723370983,Sports,L,West,0
22,61800.46990077392,17.315666168809752,Sports,S,West,0
53,69202.76959095625,4.750076624670465,Clothing,S,West,0
51,44658.111522023915,33.538511873359184,Books,S,South,0
69,56139.35193864982,25.204008536413518,Electronics,M,South,0
48,34971.238891836154,271.49974259437283,Food,M,North,0
27,65988.34683907918,65.26294797232923,Sports,S,East,0
36,69707.93909554112,34.12819964136807,Food,XL,East,0
49,52752.20306550939,69.48916188980581,Books,M,North,0
18,83609.80144935049,11.991140600171581,Sports,S,East,1
73,41613.51505496488,46.96525387543224,Food,L,North,1
22,38034.376796852695,78.73009646256091,Books,S,South,1
62,63366.77727839958,53.69486167835801,Electronics,L,West,1
21,75706.47453918232,41.10357558846016,Books,L,West,0
33,85258.91537186803,407.28330111539685,Sports,M,South,0
41,53116.7360569659,169.83120001974373,Clothing,S,West,0
33,76180.21250146943,78.12699870454463,Electronics,M,West,1
72,59422.372957489395,67.40184963049094,Food,S,East,0
19,57410.59050088771,77.54589146559634,Sports,S,South,0
66,73254.89906230009,17.982802606862805,Clothing,M,East,0
45,69784.84317620129,40.22036173521575,Books,M,East,0
49,36354.117645236256,3.220733309260817,Clothing,M,West,0
44,82148.10524588844,51.63181032348636,Sports,L,West,0
37,80701.37031221177,62.65005470023796,Sports,L,South,0
41,50616.55947735706,20.67572843671566,Clothing,S,West,0
29,65937.05300156113,266.0030377519821,Books,S,West,0
67,67410.45279424108,192.15232139189143,Clothing,XL,South,0
52,63910.10648735861,102.45196268190361,Sports,L,West,1
50,51745.422692318694,60.9803410452746,Sports,XL,East,0
50,49925.64948092923,163.19868985460965,Food,M,South,0
68,59616.688935128324,11.200973526098474,Food,L,West,0
60,77590.93528889047,125.0462633142588,Electronics,M,North,0
54,68154.00231891648,10.666130364161909,Sports,M,South,0
29,54440.78501870841,126.4721813739335,Food,M,South,0
20,71575.48065972517,25.81143198330741,Clothing,M,North,0
18,17271.86069054887,167.70461007603592,Books,M,West,0
50,77231.48550558156,230.6524437080131,Clothing,M,West,0
57,33904.293318328506,12.888274017168765,Books,L,South,0
27,54563.38587895302,49.69226235672933,Food,XL,South,0
60,43204.95158060784,317.0121770514377,Electronics,M,West,0
61,40579.77786418641,52.840063398990495,Clothing,M,West,0
46,77412.4018106778,159.342310021217,Clothing,S,East,1
30,52984.48198032163,71.08072375393999,Clothing,L,South,0
29,65197.55822596073,37.64252970242914,Books,M,South,0
48,59296.19131681224,26.925537524806074,Food,XL,North,0
63,67155.61240834682,18.17444423267091,Clothing,M,East,0
19,61152.32836590383,114.77096233735644,Clothing,M,West,0
68,40755.11663717146,39.091283424190074,Electronics,L,East,0
67,74944.0022917071,57.27650124912497,Electronics,L,West,0
52,52593.65125258031,54.23317963271273,Food,M,West,0
40,36651.271520103735,68.88343689388401,Food,M,East,0
34,53578.27258551131,160.54118543305177,Sports,XL,South,0
43,82511.39685951466,315.97526330685463,Electronics,S,West,0
25,72753.3261317024,41.88372321989335,Sports,XL,East,0
46,54770.21798388211,140.59741935178826,Books,S,North,1
43,54761.13443522357,115.6929917202069,Sports,L,East,0
27,55175.47423173926,68.17686366757302,Clothing,L,North,0
43,91151.21975341262,249.97101321583477,Sports,M,West,0
51,65729.0317834733,17.898949736356013,Food,XL,East,0
68,66450.62470786604,9.25659422558116,Books,S,East,0
58,75454.25181047764,153.9110552714229,Clothing,M,North,0
24,63581.8373853977,46.264116955798116,Sports,L,East,0
21,56114.36781268945,150.16910488260746,Books,M,East,0
70,57054.75226372533,178.86158714296937,Books,L,West,1
67,58925.98110878904,5.159463095006672,Clothing,S,East,0
62,59441.66645235238,171.96492704562584,Sports,S,South,0
28,70914.4431545547,47.58283189347398,Books,S,North,1
46,60779.18828710949,57.13863265968846,Books,S,East,0
73,70989.6011582337,78.80679936682417,Electronics,M,North,0
53,58789.251298371266,208.70991676518204,Books,L,North,0
42,61179.52785474136,1.5440935492468675,Electronics,XL,North,1
38,30026.989732018385,51.829965115025864,Sports,L,East,0
74,73744.91512053722,93.10892785069268,Sports,S,East,0
53,65197.32713846989,102.61443340360836,Sports,M,North,0
27,74970.15164789479,94.35085325688863,Food,S,South,0
54,16556.169327094663,11.549836447624745,Sports,M,North,0
26,91325.62057171091,28.464949704781922,Books,M,South,0
41,57906.15557767239,35.542569792746775,Clothing,S,North,0
52,76622.74225106275,130.54990102292172,Electronics,M,West,0
66,44401.411093117036,26.14265193413056,Food,XL,North,0
52,69191.60857593855,18.929207298899883,Sports,M,North,1
65,44198.76655239516,252.56230951600065,Sports,M,East,1
53,50643.465589562926,0.712223813782819,Clothing,S,South,0
35,88710.4703080018,490.30583951232694,Clothing,M,West,0
66,57139.7639885498,90.36398835494026,Food,XL,South,0
56,63261.49309769584,141.0394413150696,Electronics,S,West,0
49,73051.01596033131,27.92142068039365,Sports,M,North,0
41,67435.22831958906,1.1534983790409217,Food,S,East,0
40,62256.28357715365,107.11303027477604,Books,M,East,1
49,65474.41503699338,143.73111491947208,Books,S,South,0
54,96051.23377857413,107.91252828384754,Food,L,East,0
29,59135.71804449622,12.331414536817736,Sports,L,South,0
66,63016.485700724515,112.00807388834033,Food,L,South,0
72,75759.81594011417,117.20026781824131,Sports,M,West,0
30,76582.88899436976,85.96209978655048,Clothing,L,South,0
40,77805.4545834057,116.23437805539305,Food,M,West,0
42,69580.95333043777,149.62341397430438,Sports,M,East,1
52,42854.92630904275,76.07142594503443,Food,L,South,0
58,84501.47298451644,7.422285791593259,Food,S,South,1
47,42804.81910471968,53.49631870300978,Sports,S,North,0
34,64539.531978585495,6.466383725946026,Sports,L,South,0
66,48685.86224970963,41.87816278602682,Electronics,M,South,0
37,59037.92480110511,41.81923784405049,Food,L,North,0
65,64931.436154552204,5.463150445884061,Books,M,North,0
42,64820.35823175409,34.317599783950456,Food,XL,East,0
39,66328.81131352927,9.412472390245801,Food,XL,South,0
30,84205.6690358797,132.11885680603842,Sports,XL,East,0
36,66803.0145227097,236.04239880495987,Food,M,East,0
66,56337.65047064027,6.005170698596461,Food,S,North,0
53,74461.30752432536,248.29249872549485,Books,M,West,0
29,77842.05733386961,59.14812395110089,Sports,S,East,0
58,41585.882772945115,28.484374102288164,Food,S,West,0
36,68961.00104774786,6.398129979165766,Clothing,L,South,1
29,70517.59113466347,55.55171974171149,Electronics,M,North,0
26,55536.54744960012,126.59079121580943,Books,XL,South,0
24,80635.6021996743,98.23022862269198,Food,M,South,0
45,57749.1661945121,4.122498359683717,Clothing,M,North,0
31,61883.64680207313,6.0556659246601985,Food,S,South,0
48,57403.922635741954,41.25007449728702,Food,XL,North,1
69,60233.685713722014,27.99756875040392,Sports,L,West,1
36,43555.87369657197,21.15728733860476,Sports,L,South,0
64,38399.23676108559,26.39201427644093,Sports,XL,North,0
33,83917.57594837458,130.1604024925373,Clothing,M,East,0
70,47295.57977522508,211.86340756347423,Food,M,South,0
22,45129.114758155396,41.549318734202686,Electronics,M,West,0
52,27699.148295944276,189.2513654594312,Books,L,North,0
29,50415.57378465746,31.029157124579964,Sports,M,South,0
42,40153.653098887524,51.767830879161934,Sports,M,South,0
69,84630.22740204554,20.49766967782309,Food,XL,South,0
38,75147.25634013952,81.83795695772358,Food,XL,West,0
53,49677.74482233414,308.98671743810576,Clothing,L,North,1
70,93786.53708016463,74.00494606480768,Clothing,L,East,0
40,74726.48230487392,35.430194288534736,Sports,L,East,1
33,55127.529247370665,83.4884494780387,Food,S,East,0
74,22508.9142768964,10.492627540184854,Electronics,S,North,0
56,94364.13858886113,175.6126748533045,Books,L,East,1
62,39156.41299854606,55.94673457625877,Food,L,West,0
70,35319.018795646625,47.732432952488146,Food,S,North,0
59,75338.5564801446,70.52502084319683,Clothing,XL,South,0
56,96596.28609508909,78.42024425214616,Books,S,West,0
31,80764.09227765776,5.958558980453198,Sports,M,South,0
48,68458.63680078539,91.8117383619504,Food,L,East,1
22,68921.31512497929,22.158541271320836,Sports,S,West,1
52,72801.23338170462,100.12782890156268,Food,S,North,1
40,71383.92884680147,138.31845711853754,Sports,M,West,0
46,64217.87135954064,130.35431567963835,Books,L,South,0
60,61563.01655927814,64.3264722459922,Clothing,M,North,0
28,59061.103081507164,58.74585440373042,Books,L,West,1
35,48690.531166999855,12.333810797140073,Electronics,L,West,0
64,55789.87384699839,119.45556061099425,Clothing,S,West,0
29,34605.64778706922,25.33146152868852,Books,XL,West,0
26,58524.90559807875,54.92478167197781,Electronics,S,North,0
27,45171.133392736236,26.75663973309937,Food,XL,South,0
61,43446.160241763435,11.493775592583695,Food,M,West,1
34,62698.41226730218,79.44460587807379,Sports,XL,North,1
55,80880.034295169,4.46910077807331,Clothing,S,South,0
24,73774.74909003469,110.47119423344643,Food,M,West,0
63,36442.490945652346,30.569594604311725,Clothing,S,South,1
30,45155.57795144494,0.010776166112213896,Food,S,South,0
57,74111.56781982323,57.25255302435562,Sports,L,North,0
59,45262.68909692536,3.838799388900174,Books,M,South,0
26,56630.50275004463,25.855848792782375,Sports,L,North,0
67,68250.78148536828,98.20019404746586,Electronics,S,West,0
44,45474.83317704547,5.179264372706143,Food,M,South,0
19,61580.6325921894,146.27644513718292,Electronics,L,South,0
22,39989.617576226934,0.30617897571168456,Electronics,M,East,0
46,50979.48534073179,22.67649384731964,Clothing,L,West,1
54,64796.72901213806,108.04454770488833,Food,L,West,0
55,36105.09399702496,30.415391609579977,Electronics,L,East,0
36,66607.12106940598,8.597230619503481,Books,M,East,0
25,59705.433016099785,35.73221340518464,Electronics,L,North,0
65,68287.34931625721,25.219971079100482,Books,XL,North,0
62,63358.712010969924,147.97409097096232,Clothing,L,South,1
18,80462.10644960766,30.07420362350718,Electronics,M,South,0
39,61878.36753971861,124.44617261850806,Sports,L,South,0
69,53558.91688312121,177.95527261632228,Clothing,L,South,0
34,61834.46254548425,45.507093803463704,Books,L,North,0
24,68149.47043554582,192.58512585289571,Clothing,S,West,0
42,60732.901054885566,37.897552844761286,Electronics,S,South,1
62,60608.87536805824,266.11335617349727,Food,L,West,1
21,49470.12468289867,7.482419344988921,Food,M,South,0
53,50056.48623673578,92.92909157279907,Books,L,East,1
23,38960.920923004596,54.468093458492255,Books,M,South,0
48,86243.65114780409,39.23594510100105,Food,M,South,0
36,41342.051469130725,80.12869339242621,Books,S,South,0
61,49606.42203306139,97.35305141080994,Clothing,S,North,0
71,49223.89101646204,0.349825319339713,Sports,XL,East,0
56,73423.86565416661,14.61322578969672,Sports,XL,South,1
44,55575.75482561958,99.87468250149331,Clothing,L,South,0
27,78716.131090106,87.82151081339778,Sports,M,West,0
43,49897.640636341974,270.6234352832433,Electronics,L,East,0
36,64184.91243335703,114.51598862053925,Clothing,L,South,0
56,47469.794201103636,240.90456707015034,Books,L,West,0
20,92177.23691660083,96.99817623016699,Clothing,S,West,0
62,42186.023714557305,28.311699920261187,Food,L,North,0
30,64647.31065340541,8.907150256962872,Books,L,West,0
67,69506.65321398148,121.79620608915846,Food,XL,South,0
45,66206.98646177247,82.659503796162,Books,S,North,0
37,57220.68511683438,3.9508523561233595,Sports,L,North,0
45,58052.689503998605,35.70927669662056,Clothing,L,South,0
25,60657.17207968664,251.35284100352916,Electronics,M,East,0
58,57794.96997557267,55.51598351906804,Books,S,West,0
56,74458.18675192364,45.35347000580393,Books,M,North,0
18,93157.84502387026,48.95481576399991,Food,M,East,1
20,51637.623224882496,18.744724740207662,Sports,M,South,0
30,39452.95530631383,36.79883620473361,Food,L,West,1
45,58675.76927473118,36.93912675616299,Food,L,West,0
74,98695.64006481477,4.302027258887825,Sports,L,North,0
66,47944.88148045404,116.73247772904398,Electronics,XL,West,0
42,84586.75208166102,43.09747381310159,Food,M,West,1
73,85165.51221114662,138.15862718263185,Food,M,West,0
50,51696.176374380084,151.95541501910859,Books,L,West,0
55,68534.74618777914,19.059971548325,Sports,S,South,1
70,84425.94934692807,85.68447387770476,Clothing,M,East,0
23,54313.08388518769,51.13542862085946,Electronics,M,South,0
61,56946.29459846457,169.72564314418878,Electronics,S,South,0
62,51274.786290770346,19.44124375730378,Sports,L,North,0
49,44778.649039607,90.60990227067558,Books,M,West,0
62,50260.83682400989,74.86890382744721,Books,M,South,0
64,41640.89599856615,27.998815631212718,Sports,S,West,0
38,60511.25202388839,11.750259398455004,Books,L,South,0
33,48450.40153412038,84.36145308683427,Electronics,M,South,1
71,63506.788676861215,107.33550030283767,Electronics,L,North,1
38,36661.56530694559,30.34021525281414,Clothing,M,East,0
28,64963.20348321686,82.81328501443986,Sports,S,East,0
54,72502.93442413387,40.2194576465094,Food,M,South,0
53,30093.96536142817,99.91953366662004,Food,S,North,0
52,65610.84854771358,17.77305005648568,Clothing,M,West,0
36,78415.03488709938,176.73851162183934,Clothing,M,West,0
37,41855.38471963192,27.1078794187695,Books,XL,South,0
74,85088.58580256555,36.682185215067115,Clothing,S,East,0
35,66285.28514049068,4.787809827496487,Clothing,L,North,0
64,49424.82216362387,9.458750108536908,Food,S,East,1
58,59163.46383513441,58.030807039072485,Books,M,West,0
66,68374.90368782583,24.913477378057966,Clothing,M,East,0
31,61140.080871186176,144.3779606197605,Clothing,XL,West,0
32,68081.33988669554,1.1841924555553365,Books,M,North,0
48,46189.89610380951,38.12605245237657,Sports,S,North,0
18,62540.41236054117,32.92012890733144,Books,M,South,0
70,38794.2825464253,1.561348133590169,Food,S,South,0
71,58331.60907976949,10.624785864367096,Sports,S,East,0
71,46441.38537802815,42.706072438059635,Electronics,L,North,0
20,48967.050861153504,54.31817753871936,Books,S,North,0
33,78541.39762815656,41.440070659177756,Food,S,South,1
40,76369.65180891403,60.56157100106581,Sports,L,West,0
74,69137.07181360766,72.33547103708135,Books,M,East,0
28,43615.308529911315,0.7978712366522174,Clothing,S,East,1
29,55253.87325457797,49.903893597329514,Books,M,South,0
27,78196.46549968775,264.83377768077105,Electronics,L,North,0
49,62125.753704598574,58.55640972678604,Books,M,South,0
33,94789.94309972541,90.54265705791173,Sports,M,South,0
25,65899.76759091558,29.90148637519043,Sports,S,South,0
55,62880.73674735047,118.9745704536798,Books,L,South,0
29,55363.25303696248,118.59675411917439,Sports,M,West,1
41,62003.11357173423,58.93383409622053,Clothing,L,West,1
45,57712.952454291844,298.4222067628676,Books,L,North,0
70,70621.63015032886,10.732832582749992,Clothing,L,South,0
25,74350.53475191876,1.367433604677376,Clothing,M,West,0
45,48210.158092380756,117.62912671678262,Food,M,North,0
53,40031.50569663333,131.6697046452757,Books,M,South,0
43,32456.919403450553,10.245510950277652,Sports,S,East,0
25,67619.86990368816,24.69424514784279,Clothing,S,West,1
67,43449.50090739189,1.4166586165172002,Food,L,North,1
45,27706.64110571276,27.772897268132528,Books,M,East,0
45,65828.67906796446,118.67443617024897,Books,M,South,0
54,97394.99276149186,58.3783420457656,Electronics,L,South,0
58,59908.9363269016,34.228587447467326,Electronics,L,South,0
53,72577.36161677462,37.18400505274923,Clothing,S,West,0
44,61227.440378213476,0.10836341554782518,Electronics,L,North,0
71,58516.65520213286,28.511201912896563,Clothing,S,East,0
34,73786.14724481653,83.18040692484139,Sports,L,North,0
26,55645.88183717023,292.57323634281437,Clothing,L,West,0
50,64010.88471107854,150.2171998899753,Electronics,L,North,0
70,64825.467092940205,1.91022267324132,Sports,L,West,0
37,49978.64319535427,183.0634999377807,Electronics,S,South,0
30,74880.63524304784,122.30181525681219,Clothing,M,East,0
45,57375.60364956887,121.26710786791996,Food,L,South,1
65,48663.82260760733,48.998516228515676,Books,M,North,0
46,68047.64765355605,40.60053007961565,Electronics,XL,South,0
30,46522.98027313444,28.86791759858504,Clothing,M,East,0
63,60422.717360536924,5.43617525074167,Sports,M,South,0
52,59863.21505033695,20.7260520346422,Electronics,M,East,0
23,76288.43348747367,22.653104680074666,Electronics,M,East,0
35,67120.47349319929,52.94383076474936,Books,L,South,0
68,59624.595618822845,110.08991060853725,Clothing,L,West,0
22,72266.4944880043,51.36740708925239,Food,L,North,0
64,80853.1132352597,4.766791204998727,Sports,L,West,0
42,68367.15459527794,253.20747235174053,Clothing,XL,West,0
19,60155.28929765071,228.7903329881635,Sports,L,South,0
27,40322.45651474761,123.03993885823343,Electronics,S,North,0
73,44023.29505386941,379.81155866879544,Books,L,North,0
47,55421.629434679984,62.90566213170318,Books,M,West,0
67,50857.31696761075,263.247686382632,Food,S,South,1
62,57195.43045521831,6.289268275933586,Books,L,North,0
22,60849.74887345661,36.416231971702146,Electronics,M,West,1
72,67945.39131535096,20.430746351887286,Food,S,North,1
73,58942.518329113635,17.435873964184655,Clothing,S,South,0
50,67297.52465739303,12.1405589896868,Books,S,South,0
71,60967.1162221518,77.91647779135849,Food,XL,South,0
18,30368.00150469193,121.61234328985279,Electronics,S,North,1
35,45909.96909271869,69.07658581566614,Sports,M,East,0
49,57838.686664175766,12.716161253426012,Sports,M,North,0
64,41854.578857383385,133.33306766517234,Electronics,M,East,0
66,68998.93094994307,80.83815905739175,Electronics,XL,South,0
28,82961.26248515546,39.30350358222247,Sports,S,West,0
38,78281.42777545974,89.70061256536545,Food,M,East,0
43,56798.35693604688,24.07813556789737,Sports,L,South,0
42,82360.89205274929,33.873082759517025,Electronics,XL,South,1
39,62230.01185803167,199.58283215701638,Books,L,East,0
44,54943.71043322941,27.45609063123712,Clothing,L,West,0
66,50798.960046885906,50.788490970391535,Books,S,South,0
30,55462.95470267808,176.68470434094004,Books,M,East,0
50,54177.34772188157,98.40381214749857,Electronics,M,West,0
51,62556.243335632316,5.13776099792582,Sports,XL,West,0
58,62408.60971574797,12.748085072372461,Food,S,South,0
52,60045.69030230122,0.6297998179178892,Books,S,North,0
18,66554.07254619525,79.73973654411932,Sports,M,North,0
38,77859.69412179512,47.4892629608187,Food,S,South,0
65,74243.31203161986,11.53502404720828,Books,S,West,0
72,37726.53047325145,253.48146746521778,Food,XL,South,0
23,21691.182976470678,60.34390837027701,Sports,M,East,0
45,74014.79866858911,22.15449042473638,Clothing,L,North,0
34,39496.81952376869,55.548404164201244,Sports,L,East,0
22,56628.518971609745,91.0598821018605,Electronics,M,South,0
48,42448.304609109604,6.344170781604065,Food,S,South,1
22,32970.293436299704,25.69401412680743,Clothing,M,West,1
55,68121.94092307182,131.59090418806815,Food,M,West,0
20,71387.3274045397,49.24525772458778,Food,L,West,0
70,51352.34398909921,63.27441020846428,Books,M,East,0
40,21134.365617826348,45.365721344184905,Electronics,S,West,0
54,51806.33327621276,3.5914167120125624,Food,M,South,0
70,65877.0600810382,14.497751794015493,Sports,XL,West,0
54,37816.32646838807,47.181085393782084,Sports,L,North,0
27,62750.39879668733,18.77534465992192,Books,L,West,0
27,59770.35226240507,4.1016975628901475,Electronics,L,East,0
36,68689.37249401632,148.45248371099447,Electronics,M,North,0
34,61793.705526212296,317.88008825561917,Sports,L,North,0
38,45403.96588677667,126.05815492541939,Clothing,S,North,0
31,77948.57252496737,153.81412818155826,Books,L,East,0
26,57622.05640459545,22.163337816736906,Books,L,South,0
63,59590.43190735102,258.77394838870305,Sports,S,West,0
18,46000.98061390206,17.544643747310257,Sports,L,North,0
68,53350.766232127346,241.97962545616411,Clothing,XL,North,0
62,46727.95928959649,421.0251145591436,Clothing,M,North,0
30,57405.809101148654,99.50662253477455,Electronics,L,South,0
21,85675.62720213515,317.67279115411566,Books,S,South,1
18,39421.48285602966,67.43202900475251,Books,L,East,0
66,35796.57903184889,24.03888579938556,Sports,M,South,0
57,82067.55491240413,45.95746743942477,Electronics,M,West,0
49,56860.14484272201,72.02570110092942,Books,XL,East,0
51,49963.908920101254,6.07117617710751,Electronics,XL,East,0
45,75598.57031094114,77.90156827159608,Electronics,L,West,0
48,50915.766903947035,317.81761663003107,Sports,M,West,0
25,87390.14570320403,16.868315289226697,Electronics,XL,West,0
56,70168.88807008904,125.8465948924996,Clothing,S,East,0
43,52681.32887781446,190.78937911610058,Clothing,XL,East,1
51,92359.62319898256,230.16712287139967,Food,M,East,0
71,50914.27615494993,257.7817355558559,Sports,S,West,0
71,71131.4305801396,58.96117776455635,Food,L,West,0
20,64489.38870609738,302.8591027887485,Clothing,M,North,0
67,79526.11934098197,113.27769789793388,Food,M,South,0
29,83422.66795090279,14.107613958468502,Sports,M,North,0
18,60480.0622359865,51.838626571065625,Sports,S,West,1
71,48698.73194480725,101.36186231370016,Electronics,S,East,0
61,66899.58214408674,22.73136799838367,Books,S,West,0
22,49834.26945371841,81.86892419690822,Electronics,M,South,0
47,310401.6174257987,87.87309964151703,Sports,S,North,0
47,254096.05993248214,14.205803503880768,Clothing,L,North,0
74,239040.35346063675,66.60843101669263,Clothing,M,East,0
34,255540.40917594725,118.14197056331167,Electronics,XL,North,0
65,209586.2113141091,55.27527561279488,Sports,XL,North,0
64,220851.57884468045,0.9741564710160266,Clothing,M,West,0
40,286012.41723833274,0.7263651080723428,Sports,L,North,1
32,230293.17163085812,35.332495345608535,Clothing,L,North,0
54,218592.6705195418,208.50529416419215,Sports,XL,North,0
38,266099.5825758186,20.771821677113355,Food,L,East,0
31,285571.1246398899,80.4892900044176,Sports,S,East,0
19,271568.599319952,20.090102378440776,Sports,L,West,0
28,279881.4305741745,31.049709483724456,Electronics,L,North,0
68,227296.14734291617,150.73213614033003,Food,L,East,1
56,207345.67999774468,104.41002445011178,Books,M,East,0
55,295040.00955866463,8.02092984293352,Electronics,XL,West,0
51,240319.60483473592,44.78754806241429,Books,XL,South,0
55,242475.00950634858,2.368292784180171,Clothing,M,North,0
67,289845.82425547176,52.451180370864456,Books,S,East,0
51,266686.9002820198,86.87954135164364,Sports,S,West,0
35,263676.63316244824,10.090660274956672,Books,L,West,0
47,314950.0703470325,27.273682586162757,Electronics,L,West,0
32,230694.4530885957,40.57811874262803,Electronics,L,East,1
44,277835.2038424371,201.5906854637688,Books,M,North,0
68,251710.39374691254,399.91648607218804,Electronics,L,South,0
51,258057.7683658977,3.676084974534619,Electronics,M,North,1
69,295854.05279237597,114.50599042404596,Books,M,West,0
74,265235.0726886887,37.18206594443912,Food,L,West,0
55,266148.88237148896,39.86674215073385,Food,XL,South,1
50,282175.22011929407,112.28011607962735,Clothing,XL,North,0
41,239051.41811371344,200.4999994269738,Electronics,XL,West,0
32,224823.70997982981,241.1583029269765,Books,M,West,0
47,218655.724179369,68.8538354756371,Electronics,M,North,0
72,191009.30231871994,35.34392005195312,Sports,L,West,0
59,311686.2138982097,123.9235447661679,Electronics,XL,North,0
68,216903.7490283495,23.121451382301824,Electronics,S,West,0
34,243362.39129242685,66.42262727614188,Food,M,North,0
22,241695.60100333238,35.52547295013228,Books,S,South,0
46,259222.20093427302,85.5159858390235,Electronics,L,West,0
21,274472.1163761789,21.99694951108077,Food,M,South,1
27,275814.20465079235,17.01516538275541,Clothing,M,West,0
73,232507.67684293183,200.31647854317495,Food,S,West,1
34,244986.34858640766,8.589329496303343,Food,M,East,0
27,258477.398514649,56.41076467278541,Food,XL,North,0
34,242539.26621449357,19.96442151124201,Electronics,M,South,0
37,298220.3672805998,3.176639497109332,Electronics,L,South,0
41,264729.24854914757,2.934680448906168,Clothing,L,South,0
22,272046.3335814945,15.411259476666148,Sports,XL,North,0
51,269886.43806002237,161.25447854965782,Sports,S,East,0
23,285204.21572455973,26.556216533443955,Sports,XL,South,0
